<?xml version="1.0" encoding="UTF-8" standalone="true"?>

-<addon provider-name="maayan-channels" version="1.0.0" name="maayan-channels" id="repository.maayan-channels">


-<extension name="maayan-channels" point="xbmc.addon.repository">

<info compressed="false">https://drive.google.com/open?id=1gBmpdWF18p6DDycxRvWLRc1OSE6k43-m</info>

<checksum>https://drive.google.com/open?id=1jWC6vu6WjGmOHWmZL-uf8OrM-nZXscCc</checksum>

<datadir zip="true">https://raw.githubusercontent.com/fishenzon/repo/master/zips</datadir>

</extension>


-<extension point="xbmc.addon.metadata">

<summary>maayan-channels</summary>

<description>maayan-channels</description>

<platform>all</platform>

</extension>

</addon>